,train,test,shuffled X,fold,translation,Direct_pearson,AutoTransOP
1,0.507156197,0.493049442,0.275642601,1,PC3 to A375,0.484082788,0.680225372
2,0.502932427,0.498171876,0.267513423,2,PC3 to A375,0.438836068,0.647405267
3,0.48123736,0.441323056,0.270564292,3,PC3 to A375,0.451003104,0.638108432
4,0.519183587,0.461338799,0.258722779,4,PC3 to A375,0.441552252,0.623856843
5,0.485859636,0.46992335,0.273874469,5,PC3 to A375,0.449126035,0.650884211
