,train,test,shuffled X,fold,translation,Direct_pearson,AutoTransOP
1,0.481979764,0.486559609,0.310206679,1,A375 to PC3,0.484082788,0.66035372
2,0.465443399,0.438805016,0.28338163,2,A375 to PC3,0.438836068,0.62281549
3,0.477966883,0.439119763,0.269066944,3,A375 to PC3,0.451003104,0.631552398
4,0.479527777,0.436769108,0.280358595,4,A375 to PC3,0.441552252,0.624521792
5,0.463020342,0.438373369,0.295286733,5,A375 to PC3,0.449126035,0.635471642
