,train,test,shuffled X,fold,translation,Direct_pearson,AutoTransOP
1,0.502929707,0.491629541,0.246406939,1,HT29 to A375,0.450596839,0.662030756
2,0.528902007,0.507116209,0.260062234,2,HT29 to A375,0.465501666,0.673396409
3,0.494581555,0.501370267,0.277658375,3,HT29 to A375,0.4862988,0.694360673
4,0.511623553,0.475856603,0.26168966,4,HT29 to A375,0.448361993,0.665551066
5,0.518799204,0.488399577,0.26538796,5,HT29 to A375,0.452479243,0.666745484
