,train,test,shuffled X,fold,translation,Direct_pearson,AutoTransOP
1,0.563721479,0.560288729,0.288069054,1,A375 to HT29,0.450596839,0.713883698
2,0.559926619,0.546402375,0.281574052,2,A375 to HT29,0.465501666,0.715673268
3,0.545935957,0.543041604,0.330906785,3,A375 to HT29,0.4862988,0.719771087
4,0.558272476,0.538626288,0.269001915,4,A375 to HT29,0.448361993,0.720775187
5,0.547179723,0.530810645,0.320211462,5,A375 to HT29,0.452479243,0.700250447
