,train,test,shuffled X,fold,translation,Direct_pearson,AutoTransOP
1,0.403574839,0.422379119,0.208430252,1,VCAP to HA1E,0.35330227,0.669309437
2,0.392011287,0.450086865,0.156470642,2,VCAP to HA1E,0.361144543,0.533206284
3,0.411607724,0.340902518,0.231217693,3,VCAP to HA1E,0.22143437,0.509197712
4,0.427410797,0.339547053,0.144712072,4,VCAP to HA1E,0.27007699,0.478386641
5,0.415063663,0.330921227,0.174591203,5,VCAP to HA1E,0.225242496,0.392650276
