,train,test,shuffled X,fold,translation,Direct_pearson,AutoTransOP
1,0.193553068,0.251766205,0.19676423,1,HA1E to VCAP,0.35330227,0.607131422
2,0.166268383,0.252879678,0.152336048,2,HA1E to VCAP,0.361144543,0.497841299
3,0.201295403,0.163979336,0.223258558,3,HA1E to VCAP,0.22143437,0.451098114
4,0.218411565,0.186849208,0.148373636,4,HA1E to VCAP,0.27007699,0.330873191
5,0.202976618,0.160454366,0.1436371,5,HA1E to VCAP,0.225242496,0.323633522
