,train,test,shuffled X,fold,translation,Direct_pearson,AutoTransOP
1,0.527947137,0.539649972,0.266924467,1,PC3 to HT29,0.484551489,0.702167034
2,0.542085673,0.521633303,0.283601244,2,PC3 to HT29,0.447317809,0.683339357
3,0.526864619,0.504775478,0.312470244,3,PC3 to HT29,0.426414907,0.667195439
4,0.525997814,0.499539318,0.256321254,4,PC3 to HT29,0.451738596,0.672855198
5,0.535346837,0.51239878,0.294294146,5,PC3 to HT29,0.469214231,0.724790633
