,train,test,shuffled X,fold,translation,Direct_pearson,AutoTransOP
1,0.504675497,0.456269679,0.237913459,1,HT29 to MCF7,0.449092776,0.618154764
2,0.516679405,0.474607394,0.271206349,2,HT29 to MCF7,0.461550236,0.665598094
3,0.513043356,0.470369118,0.323733021,3,HT29 to MCF7,0.445878029,0.643549562
4,0.515578389,0.497949727,0.293578605,4,HT29 to MCF7,0.475796431,0.656677067
5,0.50035552,0.532858748,0.306723088,5,HT29 to MCF7,0.508376837,0.712960482
