,train,test,shuffled X,fold,translation,Direct_pearson,AutoTransOP
1,0.562029051,0.554697679,0.318943064,1,MCF7 to HT29,0.449092776,0.681845367
2,0.570156574,0.54755655,0.245113483,2,MCF7 to HT29,0.461550236,0.705238402
3,0.58692346,0.55181913,0.32471115,3,MCF7 to HT29,0.445878029,0.692364275
4,0.544729527,0.550480553,0.315661063,4,MCF7 to HT29,0.475796431,0.696832657
5,0.557671255,0.589316259,0.352119686,5,MCF7 to HT29,0.508376837,0.746471107
