,train,test,shuffled X,fold,translation,Direct_pearson,AutoTransOP
1,0.485461249,0.487247857,0.287024613,1,HT29 to PC3,0.484551489,0.66704607
2,0.477646032,0.458783726,0.268710955,2,HT29 to PC3,0.447317809,0.626778901
3,0.510552256,0.444979793,0.252086513,3,HT29 to PC3,0.426414907,0.576513469
4,0.486627283,0.483802257,0.280002752,4,HT29 to PC3,0.451738596,0.599410832
5,0.476790548,0.487710051,0.246145782,5,HT29 to PC3,0.469214231,0.660807431
