,train,test,shuffled X,fold,translation,Direct_pearson,AutoTransOP
1,0.437223927,0.407591667,0.213419284,1,MCF7 to HA1E,0.32033667,0.621972978
2,0.43280094,0.446260867,0.268793816,2,MCF7 to HA1E,0.313271642,0.589093983
3,0.437152323,0.41501077,0.255753828,3,MCF7 to HA1E,0.319003373,0.623700261
4,0.444370406,0.411105081,0.238377223,4,MCF7 to HA1E,0.3299326,0.542152405
5,0.413371908,0.383939209,0.215672119,5,MCF7 to HA1E,0.366889179,0.60353899
