,train,test,shuffled X,fold,translation,Direct_pearson,AutoTransOP
1,0.481176475,0.465466822,0.254653867,1,HA1E to MCF7,0.32033667,0.643682003
2,0.470673799,0.441956704,0.305673947,2,HA1E to MCF7,0.313271642,0.634977043
3,0.445221942,0.436424897,0.309286513,3,HA1E to MCF7,0.319003373,0.617438436
4,0.479597074,0.432941725,0.280898796,4,HA1E to MCF7,0.3299326,0.606271327
5,0.461629765,0.443168847,0.299664398,5,HA1E to MCF7,0.366889179,0.624023676
