,train,test,shuffled X,fold,translation,Direct_pearson,AutoTransOP
1,0.513721667,0.501095733,0.283523903,1,MCF7 to PC3,0.423119903,0.649689555
2,0.517757027,0.514165549,0.286930225,2,MCF7 to PC3,0.420162618,0.619610786
3,0.518174574,0.487999326,0.294536487,3,MCF7 to PC3,0.415146947,0.649853468
4,0.522348551,0.50025055,0.296469734,4,MCF7 to PC3,0.446234286,0.646898806
5,0.51099219,0.491396224,0.25145992,5,MCF7 to PC3,0.416671365,0.664550781
