,train,test,shuffled X,fold,translation,Direct_pearson,AutoTransOP
1,0.516445761,0.50292982,0.274289562,1,PC3 to MCF7,0.423119903,0.705634296
2,0.499350268,0.515424904,0.287264454,2,PC3 to MCF7,0.420162618,0.644086957
3,0.516759143,0.48375439,0.300583125,3,PC3 to MCF7,0.415146947,0.674163699
4,0.529161286,0.492654476,0.310286906,4,PC3 to MCF7,0.446234286,0.672747791
5,0.505941854,0.507508879,0.290484009,5,PC3 to MCF7,0.416671365,0.678403318
