,train,test,shuffled X,fold,translation,Direct_pearson,AutoTransOP
1,0.429125192,0.407385345,0.250691405,1,PC3 to HA1E,0.410440266,0.643176734
2,0.437400123,0.388785915,0.199657461,2,PC3 to HA1E,0.365463406,0.635884166
3,0.430206943,0.402843741,0.261141648,3,PC3 to HA1E,0.341906756,0.592644036
4,0.433780155,0.418470568,0.192387857,4,PC3 to HA1E,0.350151837,0.645664513
5,0.442709325,0.40382566,0.228620305,5,PC3 to HA1E,0.351128191,0.62880677
