,train,test,shuffled X,fold,translation,Direct_pearson,AutoTransOP
1,0.478549386,0.429214061,0.280346617,1,HA1E to PC3,0.410440266,0.628997266
2,0.472850011,0.409514877,0.250440808,2,HA1E to PC3,0.365463406,0.617083192
3,0.474624692,0.482025521,0.322580996,3,HA1E to PC3,0.341906756,0.64339298
4,0.454360922,0.418703442,0.296148101,4,HA1E to PC3,0.350151837,0.637851119
5,0.479808551,0.476725649,0.326713241,5,HA1E to PC3,0.351128191,0.621973455
