train,test,fold,folder
0.9400194905571982,0.8196050931649037,0,sample_ratio_228
0.9414018770716152,0.8026047712007089,1,sample_ratio_228
0.941365176663145,0.8099487187081154,2,sample_ratio_228
0.9431137596122572,0.8178484376045232,3,sample_ratio_228
0.9419984419598104,0.8162088547885831,4,sample_ratio_228
