train,test,shuffled X,fold,translation,folder,fold_id
0.2254272822977471,0.22727214442550184,0.2500697868667165,1,A375 to HT29,A375_HT29,1
0.2449813121679333,0.20910613188952717,0.2544120178307515,2,A375 to HT29,A375_HT29,2
0.23872483001303418,0.23973983866504572,0.28783170689666104,3,A375 to HT29,A375_HT29,3
0.20221645960076035,0.17753776654966305,0.2456812493990961,4,A375 to HT29,A375_HT29,4
0.26076406165840493,0.26572890427241996,0.28611968280902284,5,A375 to HT29,A375_HT29,5
