train,test,shuffled X,fold,translation,folder,fold_id
0.19872154255666818,0.24060555063234376,0.2631581943008415,1,A375 to PC3,A375_PC3,1
0.21098603754547254,0.18966920814983268,0.23787782231414878,2,A375 to PC3,A375_PC3,2
0.2445508563285526,0.25358166521524067,0.265746797550844,3,A375 to PC3,A375_PC3,3
0.23328792064577009,0.1654191550797665,0.22108718064177238,4,A375 to PC3,A375_PC3,4
0.2128462318669199,0.20883995123278662,0.28926651287895727,5,A375 to PC3,A375_PC3,5
