train,test,shuffled X,fold,translation,folder,fold_id
0.227000096403165,0.21936000192243,0.249815481129714,1,PC3 to A375,A375_PC3,1
0.234217207152665,0.259027863108105,0.222986453048993,2,PC3 to A375,A375_PC3,2
0.254692703745128,0.272644880792686,0.259558720392164,3,PC3 to A375,A375_PC3,3
0.262151312441765,0.210892459999922,0.230653289771413,4,PC3 to A375,A375_PC3,4
0.207386726457872,0.194636472204389,0.218269590172191,5,PC3 to A375,A375_PC3,5
