train,test,shuffled X,fold,translation,folder,fold_id
0.24663202377149,0.232458302319866,0.201753146048377,1,HT29 to A375,A375_HT29,1
0.213578706043886,0.220417551591419,0.244056084844343,2,HT29 to A375,A375_HT29,2
0.214045880223837,0.203028964588442,0.241848325278641,3,HT29 to A375,A375_HT29,3
0.205418816507657,0.196991325156597,0.193585993936951,4,HT29 to A375,A375_HT29,4
0.211322856843041,0.258824308765116,0.239147741636907,5,HT29 to A375,A375_HT29,5
