train,test,shuffled X,fold,translation,folder,fold_id
0.175209657538361,0.173262891236762,0.106579632773692,1,VCAP to HA1E,HA1E_VCAP,1
0.144758909593671,0.135408666326242,0.135223618178498,2,VCAP to HA1E,HA1E_VCAP,2
0.146872163737401,0.146899826649094,0.200589866368511,3,VCAP to HA1E,HA1E_VCAP,3
0.142837165379777,0.130059463843108,0.174993430775286,4,VCAP to HA1E,HA1E_VCAP,4
0.160765458492413,0.212042206915163,0.157858172746183,5,VCAP to HA1E,HA1E_VCAP,5
