train,test,shuffled X,fold,translation,folder,fold_id
0.07990701619982016,0.18478070421885387,0.16996789450511157,1,HA1E to VCAP,HA1E_VCAP,1
0.07036749726243069,0.05876536752268479,0.1492544285055555,2,HA1E to VCAP,HA1E_VCAP,2
0.06924367540665403,0.1121081676599627,0.1397134313590183,3,HA1E to VCAP,HA1E_VCAP,3
0.1114043185486253,0.08533205918678578,0.13140045805991818,4,HA1E to VCAP,HA1E_VCAP,4
0.06266163512044956,-0.007102209998726845,0.193630492192632,5,HA1E to VCAP,HA1E_VCAP,5
