train,test,shuffled X,fold,translation,folder,fold_id
0.2143754132991383,0.16807196685934567,0.24178492945042723,1,HT29 to MCF7,HT29_MCF7,1
0.2289452312464873,0.22736743116624555,0.23445794772953676,2,HT29 to MCF7,HT29_MCF7,2
0.1849712409982987,0.23307744823875673,0.23117195645169514,3,HT29 to MCF7,HT29_MCF7,3
0.1950969326050793,0.20546334419764545,0.2753544137460709,4,HT29 to MCF7,HT29_MCF7,4
0.2480218252871855,0.2895716752218244,0.24810188675469427,5,HT29 to MCF7,HT29_MCF7,5
