train,test,shuffled X,fold,translation,folder,fold_id
0.25956995684356954,0.28543275017143416,0.24167271698513934,1,HT29 to PC3,HT29_PC3,1
0.24436622782206083,0.2614423149050983,0.2736932008257492,2,HT29 to PC3,HT29_PC3,2
0.20509467356256758,0.21680476502290238,0.2639467055627638,3,HT29 to PC3,HT29_PC3,3
0.1977525749724728,0.20831589170758705,0.2459663271174462,4,HT29 to PC3,HT29_PC3,4
0.2131523487062938,0.22632831633576078,0.2299772846448007,5,HT29 to PC3,HT29_PC3,5
