train,test,shuffled X,fold,translation,folder,fold_id
0.218475615065697,0.222755609712597,0.256557357122976,1,PC3 to HT29,HT29_PC3,1
0.256531332934288,0.280515171720553,0.232310099930475,2,PC3 to HT29,HT29_PC3,2
0.163910630375106,0.179354067080053,0.270948476589634,3,PC3 to HT29,HT29_PC3,3
0.196418921526268,0.186952455783331,0.242630761987987,4,PC3 to HT29,HT29_PC3,4
0.235200596311184,0.198657242631932,0.264285211749299,5,PC3 to HT29,HT29_PC3,5
