train,test,shuffled X,fold,translation,folder,fold_id
0.246383190025675,0.278871653928106,0.243117272646906,1,MCF7 to HT29,HT29_MCF7,1
0.267166333518466,0.193380528634385,0.201397389640223,2,MCF7 to HT29,HT29_MCF7,2
0.242283332697686,0.29910827406363,0.270493927580986,3,MCF7 to HT29,HT29_MCF7,3
0.223417445717011,0.219499275732032,0.254272044407163,4,MCF7 to HT29,HT29_MCF7,4
0.231353327957774,0.218345343461102,0.248040139429624,5,MCF7 to HT29,HT29_MCF7,5
