train,test,shuffled X,fold,translation,folder,fold_id
0.17800043837799298,0.15356667292426898,0.21132152831552828,1,MCF7 to HA1E,MCF7_HA1E,1
0.2106245020336491,0.2632664225911737,0.21225530818015714,2,MCF7 to HA1E,MCF7_HA1E,2
0.2276340980133435,0.23629471080728745,0.18904161363909078,3,MCF7 to HA1E,MCF7_HA1E,3
0.1637202021399719,0.1966796802085502,0.18228067820091154,4,MCF7 to HA1E,MCF7_HA1E,4
0.17785705833479082,0.2004425154052141,0.19555297926709866,5,MCF7 to HA1E,MCF7_HA1E,5
