train,test,shuffled X,fold,translation,folder,fold_id
0.237811969916398,0.271933013948953,0.254695692135746,1,PC3 to MCF7,MCF7_PC3,1
0.253096780672344,0.259094064316823,0.274870299509367,2,PC3 to MCF7,MCF7_PC3,2
0.263806152739396,0.27253252904169,0.230063086839086,3,PC3 to MCF7,MCF7_PC3,3
0.272045518666709,0.297276188349117,0.297706878214214,4,PC3 to MCF7,MCF7_PC3,4
0.261581418926574,0.269522603129127,0.267204570054783,5,PC3 to MCF7,MCF7_PC3,5
