train,test,shuffled X,fold,translation,folder,fold_id
0.2511041347416852,0.24936341171532975,0.24201928711129128,1,MCF7 to PC3,MCF7_PC3,1
0.24249716731472498,0.2963299683770086,0.2354515331757055,2,MCF7 to PC3,MCF7_PC3,2
0.2579361583042096,0.28185255323585184,0.2521274716075464,3,MCF7 to PC3,MCF7_PC3,3
0.20472770259319803,0.19640302936976475,0.23007517423892684,4,MCF7 to PC3,MCF7_PC3,4
0.21950860448784035,0.19035149411488922,0.2448752736671972,5,MCF7 to PC3,MCF7_PC3,5
