train,test,shuffled X,fold,translation,folder,fold_id
0.25091684405267,0.260087399047775,0.269178634705785,1,HA1E to MCF7,MCF7_HA1E,1
0.236765936081527,0.269465138715849,0.255345300860161,2,HA1E to MCF7,MCF7_HA1E,2
0.220820511721174,0.252198819835871,0.281184620373627,3,HA1E to MCF7,MCF7_HA1E,3
0.266336984813144,0.249364383386105,0.275039004839519,4,HA1E to MCF7,MCF7_HA1E,4
0.258554237325823,0.297482360738029,0.259157498341681,5,HA1E to MCF7,MCF7_HA1E,5
