train,test,shuffled X,fold,translation,folder,fold_id
0.18169833839553146,0.15690893947841475,0.20923641951869784,1,PC3 to HA1E,PC3_HA1E,1
0.22102677340148838,0.18300522352535203,0.21511130376133245,2,PC3 to HA1E,PC3_HA1E,2
0.2113578848041029,0.18108394237333655,0.18908493599681403,3,PC3 to HA1E,PC3_HA1E,3
0.19676846205313772,0.20021231207029738,0.1858994454641659,4,PC3 to HA1E,PC3_HA1E,4
0.18879757580987008,0.16435696635247274,0.20334367795169095,5,PC3 to HA1E,PC3_HA1E,5
