train,test,shuffled X,fold,translation,folder,fold_id
0.253428690523258,0.220141009603728,0.209105114103877,1,HA1E to PC3,PC3_HA1E,1
0.252273388478154,0.18339309184351,0.247594037293949,2,HA1E to PC3,PC3_HA1E,2
0.232293331804627,0.256912454794231,0.261658256351881,3,HA1E to PC3,PC3_HA1E,3
0.264204956892509,0.277964375463439,0.216002917107763,4,HA1E to PC3,PC3_HA1E,4
0.201659008904924,0.22177659483552,0.253664444095991,5,HA1E to PC3,PC3_HA1E,5
