,train,test,fold,context
1,0.9154748521373912,0.7931916398241623,1,A375
2,0.9155392493227665,0.7674387667139213,2,A375
3,0.9175048588621304,0.7749397019317436,3,A375
4,0.919300862352932,0.7752999792379951,4,A375
5,0.9152764342672435,0.7727575427718794,5,A375
1,0.9029747695386428,0.7681840504533912,1,PC3
2,0.9062928377124184,0.7706602226579612,2,PC3
3,0.9039367799113971,0.7586489658535217,3,PC3
4,0.9058394460665097,0.7701550730987803,4,PC3
5,0.9097179107641976,0.7662813285725023,5,PC3
