,train,test,fold,context
1,0.9078959972703631,0.7819827692211802,1,A375
2,0.9062719266366606,0.7892055578471765,2,A375
3,0.9085044772564221,0.7866485118131332,3,A375
4,0.9070918421659728,0.7960400041406477,4,A375
5,0.9043234203018158,0.7861743344085889,5,A375
1,0.9213516094033986,0.8118168592806665,1,HT29
2,0.9214479086621451,0.8052519115095093,2,HT29
3,0.9243098025869454,0.8102486084316665,3,HT29
4,0.9168835610124969,0.8300717257913469,4,HT29
5,0.9211276482110227,0.808524690002422,5,HT29
