,train,test,fold,context
1,0.9155664902154984,0.7940492391128381,1,A375
2,0.9158539427430814,0.7652149340182779,2,A375
3,0.9175169596913106,0.7749245950323073,3,A375
4,0.9190187148006589,0.7751267242762319,4,A375
5,0.91522485991572,0.7719191302528873,5,A375
1,0.9029747695386428,0.7681840504533912,1,PC3
2,0.9062928377124184,0.7706602226579612,2,PC3
3,0.9039367799113971,0.7586489658535217,3,PC3
4,0.9058394460665097,0.7701550730987803,4,PC3
5,0.9097179107641976,0.7662813285725023,5,PC3
