,train,test,fold,context
1,0.9077989584538142,0.7828633508572548,1,A375
2,0.9062935204571998,0.789306449591578,2,A375
3,0.9085834635510875,0.7868692859029527,3,A375
4,0.9073896298979995,0.7961935002309642,4,A375
5,0.9046996060270313,0.7854452160900336,5,A375
1,0.9213516094033986,0.8118168592806665,1,HT29
2,0.9214479086621451,0.8052519115095093,2,HT29
3,0.9243098025869454,0.8102486084316665,3,HT29
4,0.9168835610124969,0.8300717257913469,4,HT29
5,0.9211276482110227,0.808524690002422,5,HT29
