,train,test,fold,context
1,0.9154748521373912,0.7931916398241623,1,A375
2,0.9155392493227665,0.7674387667139213,2,A375
3,0.9175048588621304,0.7749397019317436,3,A375
4,0.919300862352932,0.7752999792379951,4,A375
5,0.9152764342672435,0.7727575427718794,5,A375
1,0.9025225713730463,0.7676553307644501,1,PC3
2,0.9061441685518907,0.7695895027363214,2,PC3
3,0.9035659775546643,0.7589031759754135,3,PC3
4,0.9061078855642648,0.771472691059817,4,PC3
5,0.9090418595600485,0.7666384261642749,5,PC3
