,train,test,fold,context
1,0.9155664902154984,0.7940492391128381,1,A375
2,0.9158539427430814,0.7652149340182779,2,A375
3,0.9175169596913106,0.7749245950323073,3,A375
4,0.9190187148006589,0.7751267242762319,4,A375
5,0.91522485991572,0.7719191302528873,5,A375
1,0.9025225713730463,0.7676553307644501,1,PC3
2,0.9061441685518907,0.7695895027363214,2,PC3
3,0.9035659775546643,0.7589031759754135,3,PC3
4,0.9061078855642648,0.771472691059817,4,PC3
5,0.9090418595600485,0.7666384261642749,5,PC3
