,train,test,fold,context
1,0.9077989584538142,0.7828633508572548,1,A375
2,0.9062935204571998,0.789306449591578,2,A375
3,0.9085834635510875,0.7868692859029527,3,A375
4,0.9073896298979995,0.7961935002309642,4,A375
5,0.9046996060270313,0.7854452160900336,5,A375
1,0.9219341027625774,0.8127095514197599,1,HT29
2,0.9211127395538049,0.8057244653055728,2,HT29
3,0.9239763345398073,0.8107749086657984,3,HT29
4,0.9175117715163396,0.8302869553841429,4,HT29
5,0.9210774481004588,0.8086133527568297,5,HT29
