,train,test,fold,context
1,0.9078959972703631,0.7819827692211802,1,A375
2,0.9062719266366606,0.7892055578471765,2,A375
3,0.9085044772564221,0.7866485118131332,3,A375
4,0.9070918421659728,0.7960400041406477,4,A375
5,0.9043234203018158,0.7861743344085889,5,A375
1,0.9219341027625774,0.8127095514197599,1,HT29
2,0.9211127395538049,0.8057244653055728,2,HT29
3,0.9239763345398073,0.8107749086657984,3,HT29
4,0.9175117715163396,0.8302869553841429,4,HT29
5,0.9210774481004588,0.8086133527568297,5,HT29
