,train,test,fold,context
1,0.9170334936417853,0.7697628406504522,1,HA1E
2,0.9209643394561918,0.7000755612511597,2,HA1E
3,0.9227539080181522,0.7195995065487404,3,HA1E
4,0.9141092229087837,0.7331085939666988,4,HA1E
5,0.9195823102786856,0.7207233543774062,5,HA1E
1,0.8861748927035625,0.7541933511588759,1,VCAP
2,0.892939489782981,0.7535197818466358,2,VCAP
3,0.8976666808603027,0.740788967563021,3,VCAP
4,0.8913595208273409,0.7487566928320202,4,VCAP
5,0.8970369693940623,0.746524627566283,5,VCAP
