,train,test,fold,context
1,0.9160075389801388,0.7714902641967943,1,HA1E
2,0.920924770947671,0.7012062943156449,2,HA1E
3,0.9217819022150896,0.7192875910578463,3,HA1E
4,0.9133728231488202,0.7332140923462912,4,HA1E
5,0.9197347503142941,0.7204826392381227,5,HA1E
1,0.8861748927035625,0.7541933511588759,1,VCAP
2,0.892939489782981,0.7535197818466358,2,VCAP
3,0.8976666808603027,0.740788967563021,3,VCAP
4,0.8913595208273409,0.7487566928320202,4,VCAP
5,0.8970369693940623,0.746524627566283,5,VCAP
