,train,test,fold,context
1,0.9170334936417853,0.7697628406504522,1,HA1E
2,0.9209643394561918,0.7000755612511597,2,HA1E
3,0.9227539080181522,0.7195995065487404,3,HA1E
4,0.9141092229087837,0.7331085939666988,4,HA1E
5,0.9195823102786856,0.7207233543774062,5,HA1E
1,0.8871838320724038,0.7541134243021509,1,VCAP
2,0.8933992712209392,0.7524575815326762,2,VCAP
3,0.8986620945417126,0.740399318634204,3,VCAP
4,0.8924798764170311,0.7464038262084426,4,VCAP
5,0.8982849583239252,0.7461907038407636,5,VCAP
