,train,test,fold,context
1,0.9160075389801388,0.7714902641967943,1,HA1E
2,0.920924770947671,0.7012062943156449,2,HA1E
3,0.9217819022150896,0.7192875910578463,3,HA1E
4,0.9133728231488202,0.7332140923462912,4,HA1E
5,0.9197347503142941,0.7204826392381227,5,HA1E
1,0.8871838320724038,0.7541134243021509,1,VCAP
2,0.8933992712209392,0.7524575815326762,2,VCAP
3,0.8986620945417126,0.740399318634204,3,VCAP
4,0.8924798764170311,0.7464038262084426,4,VCAP
5,0.8982849583239252,0.7461907038407636,5,VCAP
