,train,test,fold,context
1,0.9220443945916488,0.8037908610302882,1,HT29
2,0.9221061477623518,0.8014714553007579,2,HT29
3,0.9235814429541814,0.798577372998844,3,HT29
4,0.9224818800420135,0.7984832065092057,4,HT29
5,0.9229358930316097,0.8120580410616431,5,HT29
1,0.9111708442373276,0.7664015046960089,1,MCF7
2,0.9087507009961595,0.769384410209134,2,MCF7
3,0.9086614696303322,0.7788218674081214,3,MCF7
4,0.9080122953330427,0.7775591566896941,4,MCF7
5,0.9076987098152214,0.7793940271189369,5,MCF7
