,train,test,fold,context
1,0.9217958954833161,0.8034269960461421,1,HT29
2,0.9221328068433354,0.8019503939861687,2,HT29
3,0.9237796047366739,0.7989040949650982,3,HT29
4,0.9222811039557955,0.798359878510462,4,HT29
5,0.9232416392081215,0.8112788454318333,5,HT29
1,0.9103684941156821,0.7668947270939537,1,MCF7
2,0.9089347516967567,0.7690735399288842,2,MCF7
3,0.9090971443140718,0.7794954563811423,3,MCF7
4,0.9082626077317251,0.7763701390174675,4,MCF7
5,0.9075420599331255,0.7794789048430424,5,MCF7
