,train,test,fold,context
1,0.929434012841575,0.8080136237835798,1,HT29
2,0.9278234256691942,0.812837514200747,2,HT29
3,0.9276329192030719,0.7893826496594814,3,HT29
4,0.9268154812019124,0.8008496236496941,4,HT29
5,0.926642139638942,0.8016676960120431,5,HT29
1,0.8990725941345459,0.7726428168053595,1,PC3
2,0.9019620181995868,0.7551579278372083,2,PC3
3,0.9011836189618295,0.7611381496112712,3,PC3
4,0.9047043203823227,0.750459801803194,4,PC3
5,0.9011791675970229,0.7618329596242066,5,PC3
