,train,test,fold,context
1,0.9292422979579781,0.8087527767767585,1,HT29
2,0.9272405562034685,0.8130702236935542,2,HT29
3,0.9279118026585649,0.7902008971258689,3,HT29
4,0.9270505727288412,0.7999424747083278,4,HT29
5,0.9259687948458174,0.8006060505357478,5,HT29
1,0.8990725941345459,0.7726428168053595,1,PC3
2,0.9019620181995868,0.7551579278372083,2,PC3
3,0.9011836189618295,0.7611381496112712,3,PC3
4,0.9047043203823227,0.750459801803194,4,PC3
5,0.9011791675970229,0.7618329596242066,5,PC3
