,train,test,fold,context
1,0.9292422979579781,0.8087527767767585,1,HT29
2,0.9272405562034685,0.8130702236935542,2,HT29
3,0.9279118026585649,0.7902008971258689,3,HT29
4,0.9270505727288412,0.7999424747083278,4,HT29
5,0.9259687948458174,0.8006060505357478,5,HT29
1,0.8993139470048941,0.7728536990089534,1,PC3
2,0.9018635094307793,0.7556183592769933,2,PC3
3,0.9012092245632239,0.7611002814533198,3,PC3
4,0.9044299696166372,0.7511299038638043,4,PC3
5,0.9008204335292772,0.7629015835740861,5,PC3
