,train,test,fold,context
1,0.929434012841575,0.8080136237835798,1,HT29
2,0.9278234256691942,0.812837514200747,2,HT29
3,0.9276329192030719,0.7893826496594814,3,HT29
4,0.9268154812019124,0.8008496236496941,4,HT29
5,0.926642139638942,0.8016676960120431,5,HT29
1,0.8993139470048941,0.7728536990089534,1,PC3
2,0.9018635094307793,0.7556183592769933,2,PC3
3,0.9012092245632239,0.7611002814533198,3,PC3
4,0.9044299696166372,0.7511299038638043,4,PC3
5,0.9008204335292772,0.7629015835740861,5,PC3
