,train,test,fold,context
1,0.9220443945916488,0.8037908610302882,1,HT29
2,0.9221061477623518,0.8014714553007579,2,HT29
3,0.9235814429541814,0.798577372998844,3,HT29
4,0.9224818800420135,0.7984832065092057,4,HT29
5,0.9229358930316097,0.8120580410616431,5,HT29
1,0.9103684941156821,0.7668947270939537,1,MCF7
2,0.9089347516967567,0.7690735399288842,2,MCF7
3,0.9090971443140718,0.7794954563811423,3,MCF7
4,0.9082626077317251,0.7763701390174675,4,MCF7
5,0.9075420599331255,0.7794789048430424,5,MCF7
