,train,test,fold,context
1,0.9217958954833161,0.8034269960461421,1,HT29
2,0.9221328068433354,0.8019503939861687,2,HT29
3,0.9237796047366739,0.7989040949650982,3,HT29
4,0.9222811039557955,0.798359878510462,4,HT29
5,0.9232416392081215,0.8112788454318333,5,HT29
1,0.9111708442373276,0.7664015046960089,1,MCF7
2,0.9087507009961595,0.769384410209134,2,MCF7
3,0.9086614696303322,0.7788218674081214,3,MCF7
4,0.9080122953330427,0.7775591566896941,4,MCF7
5,0.9076987098152214,0.7793940271189369,5,MCF7
