,train,test,fold,context
1,0.9080598954399994,0.776237121559001,1,MCF7
2,0.9065072950596229,0.7597883838711628,2,MCF7
3,0.9089083676180174,0.7783903043662551,3,MCF7
4,0.9103969730181798,0.7652726811819773,4,MCF7
5,0.9066583964077268,0.7788199550517068,5,MCF7
1,0.9234987761232271,0.7738274501699228,1,HA1E
2,0.9226319449637485,0.7643613537162856,2,HA1E
3,0.9228397074896918,0.774172722643071,3,HA1E
4,0.9239040895777151,0.7642220946392726,4,HA1E
5,0.9250641065485758,0.7596209988207044,5,HA1E
