,train,test,fold,context
1,0.9122040395260508,0.795031845709175,1,MCF7
2,0.9164459510910855,0.7767160885822767,2,MCF7
3,0.9141631755149753,0.7822241806299441,3,MCF7
4,0.9131797681881283,0.7771037277417548,4,MCF7
5,0.9152711465948743,0.7959752496330426,5,MCF7
1,0.9056644296245613,0.7893210296456757,1,PC3
2,0.9054723473510726,0.7689573780253608,2,PC3
3,0.9084666856084213,0.7563813143001988,3,PC3
4,0.9061505208119598,0.7688115981673951,4,PC3
5,0.9109493515322041,0.7575345816488702,5,PC3
