,train,test,fold,context
1,0.9076433178502907,0.7752207265934968,1,MCF7
2,0.9064183070624356,0.7593363236565517,2,MCF7
3,0.9084086310936722,0.7785163927549436,3,MCF7
4,0.910803291014511,0.7645153523214047,4,MCF7
5,0.9066264506206776,0.7789188173792454,5,MCF7
1,0.9234987761232271,0.7738274501699228,1,HA1E
2,0.9226319449637485,0.7643613537162856,2,HA1E
3,0.9228397074896918,0.774172722643071,3,HA1E
4,0.9239040895777151,0.7642220946392726,4,HA1E
5,0.9250641065485758,0.7596209988207044,5,HA1E
