,train,test,fold,context
1,0.9135996199931823,0.7951708876727085,1,MCF7
2,0.9161973819114932,0.7762168612863191,2,MCF7
3,0.9137999420989351,0.7819452952592174,3,MCF7
4,0.9135407086703576,0.7777174582895461,4,MCF7
5,0.9151720620661586,0.7967870622409997,5,MCF7
1,0.9056644296245613,0.7893210296456757,1,PC3
2,0.9054723473510726,0.7689573780253608,2,PC3
3,0.9084666856084213,0.7563813143001988,3,PC3
4,0.9061505208119598,0.7688115981673951,4,PC3
5,0.9109493515322041,0.7575345816488702,5,PC3
