,train,test,fold,context
1,0.9080598954399994,0.776237121559001,1,MCF7
2,0.9065072950596229,0.7597883838711628,2,MCF7
3,0.9089083676180174,0.7783903043662551,3,MCF7
4,0.9103969730181798,0.7652726811819773,4,MCF7
5,0.9066583964077268,0.7788199550517068,5,MCF7
1,0.9242513515977541,0.7746146986792716,1,HA1E
2,0.9225274489990607,0.7640126214334405,2,HA1E
3,0.9221744594000191,0.774037927597136,3,HA1E
4,0.924105099748818,0.7642125195698618,4,HA1E
5,0.925137519586069,0.7576008909381682,5,HA1E
