,train,test,fold,context
1,0.9135996199931823,0.7951708876727085,1,MCF7
2,0.9161973819114932,0.7762168612863191,2,MCF7
3,0.9137999420989351,0.7819452952592174,3,MCF7
4,0.9135407086703576,0.7777174582895461,4,MCF7
5,0.9151720620661586,0.7967870622409997,5,MCF7
1,0.905658057353378,0.7892968698034879,1,PC3
2,0.9052601630156231,0.7673988011307707,2,PC3
3,0.9083465771335812,0.7559887163204597,3,PC3
4,0.9062702217013221,0.7689863083582249,4,PC3
5,0.9102762238887173,0.7555580726979155,5,PC3
