,train,test,fold,context
1,0.9076433178502907,0.7752207265934968,1,MCF7
2,0.9064183070624356,0.7593363236565517,2,MCF7
3,0.9084086310936722,0.7785163927549436,3,MCF7
4,0.910803291014511,0.7645153523214047,4,MCF7
5,0.9066264506206776,0.7789188173792454,5,MCF7
1,0.9242513515977541,0.7746146986792716,1,HA1E
2,0.9225274489990607,0.7640126214334405,2,HA1E
3,0.9221744594000191,0.774037927597136,3,HA1E
4,0.924105099748818,0.7642125195698618,4,HA1E
5,0.925137519586069,0.7576008909381682,5,HA1E
