,train,test,fold,context
1,0.9122040395260508,0.795031845709175,1,MCF7
2,0.9164459510910855,0.7767160885822767,2,MCF7
3,0.9141631755149753,0.7822241806299441,3,MCF7
4,0.9131797681881283,0.7771037277417548,4,MCF7
5,0.9152711465948743,0.7959752496330426,5,MCF7
1,0.905658057353378,0.7892968698034879,1,PC3
2,0.9052601630156231,0.7673988011307707,2,PC3
3,0.9083465771335812,0.7559887163204597,3,PC3
4,0.9062702217013221,0.7689863083582249,4,PC3
5,0.9102762238887173,0.7555580726979155,5,PC3
