,train,test,fold,context
1,0.9088277838430169,0.7344995303018995,1,PC3
2,0.902290624773886,0.7844169772926738,2,PC3
3,0.8990506326912808,0.7862174957880407,3,PC3
4,0.9022024861734042,0.7717690927666282,4,PC3
5,0.9004718818059041,0.7768151832677619,5,PC3
1,0.9244644895515918,0.7526886053076478,1,HA1E
2,0.9213596456293005,0.7938176752431072,2,HA1E
3,0.9208119712561338,0.7707224248684984,3,HA1E
4,0.9215812962983473,0.7742753069222809,4,HA1E
5,0.919314946817287,0.7857689515768442,5,HA1E
