,train,test,fold,context
1,0.9087393443755392,0.7331705183868754,1,PC3
2,0.9019726577731317,0.7831506832890589,2,PC3
3,0.8994361209279959,0.7860890320610124,3,PC3
4,0.9016392610028278,0.7716946162358566,4,PC3
5,0.9009615318061356,0.7763696881759986,5,PC3
1,0.9244644895515918,0.7526886053076478,1,HA1E
2,0.9213596456293005,0.7938176752431072,2,HA1E
3,0.9208119712561338,0.7707224248684984,3,HA1E
4,0.9215812962983473,0.7742753069222809,4,HA1E
5,0.919314946817287,0.7857689515768442,5,HA1E
