,train,test,fold,context
1,0.9087393443755392,0.7331705183868754,1,PC3
2,0.9019726577731317,0.7831506832890589,2,PC3
3,0.8994361209279959,0.7860890320610124,3,PC3
4,0.9016392610028278,0.7716946162358566,4,PC3
5,0.9009615318061356,0.7763696881759986,5,PC3
1,0.9240444617266739,0.7526036788654493,1,HA1E
2,0.921669855053373,0.7936186670660655,2,HA1E
3,0.9213823698170746,0.771041522086726,3,HA1E
4,0.9216636853829023,0.7743296249309266,4,HA1E
5,0.9194224603915702,0.7850006993662546,5,HA1E
