,train,test,fold,context
1,0.9088277838430169,0.7344995303018995,1,PC3
2,0.902290624773886,0.7844169772926738,2,PC3
3,0.8990506326912808,0.7862174957880407,3,PC3
4,0.9022024861734042,0.7717690927666282,4,PC3
5,0.9004718818059041,0.7768151832677619,5,PC3
1,0.9240444617266739,0.7526036788654493,1,HA1E
2,0.921669855053373,0.7936186670660655,2,HA1E
3,0.9213823698170746,0.771041522086726,3,HA1E
4,0.9216636853829023,0.7743296249309266,4,HA1E
5,0.9194224603915702,0.7850006993662546,5,HA1E
