,train,test,shuffled X,fold,translation
1,0.9271993535674289,0.6544833217414324,0.26777699136911487,1,A375 to HT29
2,0.9298446379201952,0.6658746611168617,0.25971470383681394,2,A375 to HT29
3,0.9305893829693034,0.7032322806205854,0.3030551255077176,3,A375 to HT29
4,0.9287796360920753,0.6734452637500982,0.2382141286658338,4,A375 to HT29
5,0.9288164849244113,0.6503942620996596,0.3047950178415553,5,A375 to HT29
