,train,test,shuffled X,fold,translation
1,0.9124179194252225,0.602964445977669,0.2638878758718371,1,A375 to PC3
2,0.9111213943679535,0.573020990357788,0.24143492160985264,2,A375 to PC3
3,0.912808320495136,0.5394158608509457,0.25388241966580527,3,A375 to PC3
4,0.9163324098199165,0.5528524277303556,0.23874236778431746,4,A375 to PC3
5,0.9148693075485618,0.5545862812719341,0.26482400161741143,5,A375 to PC3
