,train,test,shuffled X,fold,translation
1,0.9434860381137357,0.6189416173458298,0.2164282086758676,1,HA1E to VCAP
2,0.942431679006966,0.4544094940482771,0.13664049572160808,2,HA1E to VCAP
3,0.9491777652191322,0.46879784682940584,0.180077102273878,3,HA1E to VCAP
4,0.9462957863416188,0.3423997978072521,0.18296403805170774,4,HA1E to VCAP
5,0.9515269894347469,0.36557204259221027,0.1404191151608881,5,HA1E to VCAP
