,train,test,shuffled X,fold,translation
1,0.9214919537507427,0.5898110592130282,0.2512757495540734,1,HT29 to MCF7
2,0.9173590860489499,0.6165024472872958,0.26067157052367135,2,HT29 to MCF7
3,0.9189977669200645,0.5648122241334638,0.31045431179474253,3,HT29 to MCF7
4,0.9202864524904516,0.5852726250099374,0.2995448928666705,4,HT29 to MCF7
5,0.9152036305820943,0.6329693276345636,0.2655257432811393,5,HT29 to MCF7
