,train,test,shuffled X,fold,translation
1,0.9174256757240755,0.5746395208789463,0.3292393337242342,1,HT29 to PC3
2,0.9224713127151362,0.5820471061736767,0.27401263846940244,2,HT29 to PC3
3,0.9192585008710243,0.568391209448157,0.2678907094402097,3,HT29 to PC3
4,0.920537668751,0.5627875280495688,0.237855461349283,4,HT29 to PC3
5,0.9194287617485316,0.6003653834989546,0.25003791628193023,5,HT29 to PC3
