,train,test,shuffled X,fold,translation
1,0.9009931496990092,0.6115881768176383,0.27066344653711333,1,MCF7 to PC3
2,0.9006582897429838,0.5634872234460796,0.2853659166606128,2,MCF7 to PC3
3,0.9044404476521983,0.5918007459255888,0.25029925651511287,3,MCF7 to PC3
4,0.8999829939962976,0.5974044543143266,0.22509975994401366,4,MCF7 to PC3
5,0.9057228932506333,0.5808357851557093,0.2879954255337525,5,MCF7 to PC3
