,train,test,shuffled X,fold,translation
1,0.9289392444915243,0.5749713646191383,0.21073412854771584,1,MCF7 to HA1E
2,0.9322617358165384,0.5410582590857813,0.24160793410639256,2,MCF7 to HA1E
3,0.9296179242842297,0.5281369776239438,0.23831558757048404,3,MCF7 to HA1E
4,0.9309665539900749,0.4653651956327501,0.2091723930038533,4,MCF7 to HA1E
5,0.9305297418690653,0.540814280572004,0.24685993288965352,5,MCF7 to HA1E
