,train,test,shuffled X,fold,translation
1,0.9318162647328215,0.5645128970629357,0.2239807016161384,1,PC3 to HA1E
2,0.9263718783444446,0.6060367815184036,0.2114895531535538,2,PC3 to HA1E
3,0.9326381801463355,0.5277279390076725,0.23786631407339395,3,PC3 to HA1E
4,0.9300927449916941,0.6016652958707737,0.2307772401420769,4,PC3 to HA1E
5,0.929653323882048,0.6148855334014174,0.24057411455493366,5,PC3 to HA1E
