,train,test,shuffled X,fold,translation
1,0.2492563374849455,0.24582697094772385,0.23877965104369803,1,A375 to PC3
2,0.21592422585479418,0.22015464002739563,0.243214860790641,2,A375 to PC3
3,0.2299515463362866,0.23490268978708384,0.24247187987700491,3,A375 to PC3
4,0.23597925224212551,0.23166291035169737,0.24422354763469525,4,A375 to PC3
5,0.2505486173446125,0.29360115875844583,0.2533436335096691,5,A375 to PC3
