,train,test,shuffled X,fold,translation
1,0.24681805210821084,0.2583326309523474,0.25995866695114195,1,A375 to PC3
2,0.22788590104106557,0.2467845765049126,0.23636428043249577,2,A375 to PC3
3,0.20701299294590164,0.20776855748134995,0.2450248621249032,3,A375 to PC3
4,0.24817771491975857,0.2566283916410573,0.24683775431705438,4,A375 to PC3
5,0.25967574921477704,0.25689043616575696,0.2809074064277954,5,A375 to PC3
