,train,test,shuffled X,fold,translation
1,0.24189867198362502,0.2744696719559856,0.2766640175962677,1,A375 to HT29
2,0.24067788772093046,0.1989448191704855,0.18408757039330273,2,A375 to HT29
3,0.28528869696720177,0.2978153405521707,0.2839845437027542,3,A375 to HT29
4,0.2908981831174725,0.25186766005773187,0.2826123523247379,4,A375 to HT29
5,0.2915892941262072,0.305231063506378,0.276985771646021,5,A375 to HT29
