,train,test,shuffled X,fold,translation
1,0.23545685923196602,0.2779928510283528,0.27204038005507786,1,A375 to HT29
2,0.25535441695442945,0.2642906889654886,0.23652697346523466,2,A375 to HT29
3,0.28517900783294736,0.2846479716017853,0.26237838843059297,3,A375 to HT29
4,0.2789224393818409,0.27159553232893263,0.26201578256748753,4,A375 to HT29
5,0.2521307730363168,0.24296207849277218,0.24764168749817192,5,A375 to HT29
