,train,test,shuffled X,fold,translation
1,0.14587025110649326,0.20309414450564278,0.16710316255831661,1,HA1E to VCAP
2,0.13053126264344592,0.13975725765692784,0.04040943954901896,2,HA1E to VCAP
3,0.1662388395653544,0.1438847924919899,0.13748569560990348,3,HA1E to VCAP
4,0.1568205761837368,0.2010808200666047,0.20148918205437985,4,HA1E to VCAP
5,0.15222600007546586,0.16798956917203733,0.14688567099109062,5,HA1E to VCAP
