,train,test,shuffled X,fold,translation
1,0.1791358610810261,0.1825953153851233,0.13711744024650824,1,HA1E to VCAP
2,0.1523418206476542,0.17918142762381195,0.2108073718858816,2,HA1E to VCAP
3,0.2224138609630856,0.13217816409212255,0.19273716001762142,3,HA1E to VCAP
4,0.1691291531466957,0.19922664548027036,0.1697811776226557,4,HA1E to VCAP
5,0.17625351906357323,0.19648723510871105,0.1838397163226372,5,HA1E to VCAP
