,train,test,shuffled X,fold,translation
1,0.21837736622020373,0.23415566177549985,0.21038583922860488,1,HT29 to PC3
2,0.24993035868797275,0.26326617144133785,0.25363321632605457,2,HT29 to PC3
3,0.26139223467426964,0.23072501539614226,0.19923608636208626,3,HT29 to PC3
4,0.2275079802451875,0.24886663597505154,0.24210296374476786,4,HT29 to PC3
5,0.246491197965359,0.25193547670415173,0.21009932142491447,5,HT29 to PC3
