,train,test,shuffled X,fold,translation
1,0.2717972936912214,0.29206889247680645,0.2768416149169772,1,HT29 to MCF7
2,0.2663009540440046,0.25826510233537536,0.20743752621304565,2,HT29 to MCF7
3,0.24451073033441545,0.2615784172531369,0.2515979141850051,3,HT29 to MCF7
4,0.2470448540871571,0.3109828478721313,0.31027800773114117,4,HT29 to MCF7
5,0.2925094348401937,0.3544551437702836,0.3396733549736291,5,HT29 to MCF7
