,train,test,shuffled X,fold,translation
1,0.27142670839985156,0.23592043170797103,0.2162394119981167,1,HT29 to MCF7
2,0.2750544761708675,0.28837181109088267,0.2739016159422933,2,HT29 to MCF7
3,0.257442414847756,0.2711064966357621,0.24198290784930973,3,HT29 to MCF7
4,0.26235597583535386,0.30223014158905503,0.25242826092338777,4,HT29 to MCF7
5,0.2765120725676911,0.29402478183909325,0.25684441352986154,5,HT29 to MCF7
