,train,test,shuffled X,fold,translation
1,0.2063752268045306,0.2558483348819984,0.23547852867750332,1,HT29 to PC3
2,0.26634091146793826,0.24012753960915162,0.23200458234562293,2,HT29 to PC3
3,0.27435445489698257,0.3037268117659801,0.3021707050287974,3,HT29 to PC3
4,0.26211949186556616,0.21383751891363276,0.2013929829663918,4,HT29 to PC3
5,0.2634121023727458,0.22063303978576487,0.2189428329682288,5,HT29 to PC3
