,train,test,shuffled X,fold,translation
1,0.20170479991613152,0.20397557856736231,0.15362215117332162,1,MCF7 to PC3
2,0.2434518431692048,0.27484305922445784,0.27637227145239524,2,MCF7 to PC3
3,0.24188648777308988,0.24183220111413645,0.20956155250598174,3,MCF7 to PC3
4,0.2647355526765104,0.2531044614928513,0.24293402413038861,4,MCF7 to PC3
5,0.24629192953863183,0.2528969563837991,0.22418971487299744,5,MCF7 to PC3
