,train,test,shuffled X,fold,translation
1,0.20963906079123304,0.24048993319046094,0.21062830697697293,1,MCF7 to PC3
2,0.27473664267772807,0.30445869480599475,0.2779687241639159,2,MCF7 to PC3
3,0.2768703632146709,0.27773242433005263,0.2444633886764723,3,MCF7 to PC3
4,0.28094029017188044,0.2670856631711727,0.23740555779330427,4,MCF7 to PC3
5,0.2512498193304765,0.28022638470444833,0.20323261579944138,5,MCF7 to PC3
