,train,test,shuffled X,fold,translation
1,0.22786240946542097,0.21464670452365076,0.2312075363135675,1,MCF7 to HA1E
2,0.2159653615045488,0.23749054383237284,0.21657875621648107,2,MCF7 to HA1E
3,0.1799719307565707,0.2283808723970109,0.2177631409336722,3,MCF7 to HA1E
4,0.2071776263187927,0.1720889633373778,0.17575951068914586,4,MCF7 to HA1E
5,0.22950146176697822,0.23563508368324748,0.2550543596793152,5,MCF7 to HA1E
