,train,test,shuffled X,fold,translation
1,0.2799582020135402,0.2889142361762994,0.286196890230319,1,MCF7 to HA1E
2,0.2607888112936986,0.2619579567885859,0.2854291081278176,2,MCF7 to HA1E
3,0.2425534742098297,0.25392607640817183,0.2695338893150449,3,MCF7 to HA1E
4,0.2772278616152044,0.2522946657440174,0.2646312278718214,4,MCF7 to HA1E
5,0.2858878331856778,0.30029909316330256,0.33887209834936777,5,MCF7 to HA1E
