,train,test,shuffled X,fold,translation
1,0.28249377589606073,0.2503743968759849,0.2492383409272715,1,PC3 to HA1E
2,0.2338808228116402,0.22925512751585367,0.20494623940608134,2,PC3 to HA1E
3,0.21875211398633945,0.2241900756071413,0.20341341128313237,3,PC3 to HA1E
4,0.2450088090578995,0.26337162149892757,0.23802177976473862,4,PC3 to HA1E
5,0.25237330359670906,0.29571331246486054,0.3144281861637425,5,PC3 to HA1E
