,train,test,shuffled X,fold,translation
1,0.22811543867578457,0.22671353944245728,0.24612812185149163,1,PC3 to HA1E
2,0.1823432103243815,0.15483330897401737,0.15262904515720896,2,PC3 to HA1E
3,0.17097418330971859,0.19597494596840365,0.19866315587923022,3,PC3 to HA1E
4,0.23145253744653763,0.2337395872742766,0.21462688257267243,4,PC3 to HA1E
5,0.23717340582157725,0.27322310594967697,0.2501772403859218,5,PC3 to HA1E
