,Cosine,fold,set
0,0.05948894367103076,0,train
1,-0.01391931579745116,1,train
2,-0.030212754380027688,2,train
3,-0.0108759791387859,3,train
4,0.04073905065950691,4,train
0,0.05452664693003463,0,test
1,-0.012113842146854665,1,test
2,-0.0394629696676967,2,test
3,0.023198088925778,3,test
4,0.0510614251612393,4,test
0,0.05452664693003463,0,shuffled X
1,-0.012113842146854665,1,shuffled X
2,-0.0394629696676967,2,shuffled X
3,0.023198088925778,3,shuffled X
4,0.0510614251612393,4,shuffled X
