,train,test,shuffled X,fold,translation
1,0.23536844450687075,0.24365845124064323,0.21904701104610919,1,HT29 to A375
2,0.22307577277545942,0.21426253973241316,0.21793180066938922,2,HT29 to A375
3,0.21994532780426346,0.20726370219657164,0.20407096441646466,3,HT29 to A375
4,0.2237179790231499,0.21733429276625219,0.22923627011607603,4,HT29 to A375
5,0.21478354660800572,0.2369137826208102,0.2620957122814022,5,HT29 to A375
