,train,test,shuffled X,fold,translation
1,0.21472832104204206,0.20658060992817698,0.24618782656522528,1,A375 to PC3
2,0.19207699836808045,0.1896159720931396,0.2526097357476002,2,A375 to PC3
3,0.22982017841234864,0.293399009357556,0.24492880152898075,3,A375 to PC3
4,0.23684148095896568,0.18608514753132896,0.20871964306773386,4,A375 to PC3
5,0.23101807958753962,0.2620811033944104,0.26502796640071424,5,A375 to PC3
