,train,test,shuffled X,fold,translation
1,0.2553141664617185,0.1700832679647359,0.22171208624645922,1,PC3 to A375
2,0.25286152987488447,0.19448109207032782,0.2696495943546727,2,PC3 to A375
3,0.22659194830912552,0.2555701373157384,0.21638334088341418,3,PC3 to A375
4,0.2189711347952738,0.14391094550076092,0.22400147415546248,4,PC3 to A375
5,0.22702347257691632,0.21336351387054164,0.27523140900959886,5,PC3 to A375
