,train,test,shuffled X,fold,translation
1,0.22452877724920262,0.22655655925422769,0.24987133090512295,1,A375 to HT29
2,0.19682727320332177,0.1817928482928169,0.2693705175389663,2,A375 to HT29
3,0.24401126514778254,0.25732606971736827,0.26201576659714976,3,A375 to HT29
4,0.17658127831798803,0.18055505557767693,0.2186711276698586,4,A375 to HT29
5,0.22219783574178056,0.2514340430218614,0.26111419694459065,5,A375 to HT29
