,train,test,shuffled X,fold,translation
1,0.10961839759231114,0.17437085787906828,0.2179388848804837,1,HA1E to VCAP
2,0.05319278348575788,0.07122143497316186,0.08167736445292202,2,HA1E to VCAP
3,0.06865668345454644,0.19584440460930197,0.19296087052565886,3,HA1E to VCAP
4,0.09660213555700412,0.07606231661337202,0.12306975542704525,4,HA1E to VCAP
5,0.05230626592348368,0.10296309373724546,0.16179867199640416,5,HA1E to VCAP
