,train,test,shuffled X,fold,translation
1,0.17860015560374765,0.1863694398411543,0.0934050464487324,1,VCAP to HA1E
2,0.1843338552376731,0.1273422594913409,0.1397019177334419,2,VCAP to HA1E
3,0.12657432195768714,0.20774676999182579,0.14149967089329757,3,VCAP to HA1E
4,0.10444904173113581,0.10209156681524312,0.18180726608322026,4,VCAP to HA1E
5,0.17098537943786116,0.1857199359385956,0.11630580521701098,5,VCAP to HA1E
