,train,test,shuffled X,fold,translation
1,0.15939147449323418,0.18750188122827394,0.20555712455137595,1,PC3 to HT29
2,0.2316626371297265,0.25508776368277536,0.2686453147199623,2,PC3 to HT29
3,0.23608863811719918,0.24466436980018078,0.26222315478463704,3,PC3 to HT29
4,0.2064123914987099,0.1881438187730475,0.19511421528571446,4,PC3 to HT29
5,0.207121122902009,0.1954451447954109,0.20210565142022954,5,PC3 to HT29
