,train,test,shuffled X,fold,translation
1,0.22885482086956868,0.19651984680016568,0.22913857615427902,1,HT29 to MCF7
2,0.20043677421452588,0.18995975923882932,0.23080063733904824,2,HT29 to MCF7
3,0.22112623004456722,0.2027590840133034,0.2852187215029737,3,HT29 to MCF7
4,0.22967422123593362,0.23738013506713151,0.2679768188847012,4,HT29 to MCF7
5,0.2199536409897869,0.1887246849940507,0.27853514588094447,5,HT29 to MCF7
