,train,test,shuffled X,fold,translation
1,0.22693994142154483,0.21232087119534093,0.2462752283200784,1,HT29 to PC3
2,0.22051318686246618,0.2716295852528195,0.25736142332657885,2,HT29 to PC3
3,0.19788076203903499,0.19896094915922402,0.27920324005268676,3,HT29 to PC3
4,0.2037475666517205,0.2228589698588045,0.27525410389700455,4,HT29 to PC3
5,0.21720984540551297,0.1912979511117089,0.25582624021868694,5,HT29 to PC3
