,train,test,shuffled X,fold,translation
1,0.2591543314629726,0.27391841409176,0.28258649706731287,1,MCF7 to HT29
2,0.2788619607393283,0.2534237394639462,0.20581285350323525,2,MCF7 to HT29
3,0.22249251678009774,0.2061774185419134,0.25435525899032496,3,MCF7 to HT29
4,0.22718155992125338,0.27324336484915307,0.18860692966611994,4,MCF7 to HT29
5,0.23782836608900493,0.23527356157480223,0.2653302700274898,5,MCF7 to HT29
