,train,test,shuffled X,fold,translation
1,0.23149268333790995,0.2509850004649676,0.28852795075280174,1,PC3 to MCF7
2,0.22218566841592288,0.2115218016535335,0.2623288325825639,2,PC3 to MCF7
3,0.24461376872945154,0.3014780085535909,0.2414633157268568,3,PC3 to MCF7
4,0.23600692870203585,0.23182515369135853,0.2715955677391967,4,PC3 to MCF7
5,0.26202507973532785,0.3111237026326618,0.23957351617306383,5,PC3 to MCF7
