,train,test,shuffled X,fold,translation
1,0.17767713659758022,0.11980346615928206,0.18898224467753008,1,MCF7 to HA1E
2,0.2002463397414418,0.2712480685502152,0.24949927581729298,2,MCF7 to HA1E
3,0.1996740716769676,0.20264658786310266,0.16495812805916052,3,MCF7 to HA1E
4,0.19300459331741168,0.15543893373995635,0.19928800045100267,4,MCF7 to HA1E
5,0.1781924710212561,0.11009981316289172,0.18500500554098387,5,MCF7 to HA1E
