,train,test,shuffled X,fold,translation
1,0.2380304303801953,0.23889338889597228,0.23424741599354595,1,MCF7 to PC3
2,0.24965971382929564,0.2624097880210308,0.24183295403580451,2,MCF7 to PC3
3,0.24726535320375218,0.24093613758790852,0.2548075968647507,3,MCF7 to PC3
4,0.18829610662416876,0.19118245747037743,0.24791871534959836,4,MCF7 to PC3
5,0.23026451317823696,0.19677237912275977,0.2601062441023832,5,MCF7 to PC3
