,train,test,shuffled X,fold,translation
1,0.24661722809218609,0.24838377822789517,0.2433918114755151,1,HA1E to MCF7
2,0.26361679725573955,0.25206970829423797,0.2876710606943808,2,HA1E to MCF7
3,0.22354211041765382,0.2339339289949827,0.2834614939715352,3,HA1E to MCF7
4,0.20182379049696622,0.1871665879595335,0.25658129439299854,4,HA1E to MCF7
5,0.2772512532960788,0.2838638594461814,0.23413579140827115,5,HA1E to MCF7
