,train,test,shuffled X,fold,translation
1,0.2363920272120269,0.19792057820999795,0.23947648785810852,1,HA1E to PC3
2,0.23043089849928855,0.21753681979964992,0.2570514726190838,2,HA1E to PC3
3,0.2250766567995737,0.24620420240008473,0.265552077907311,3,HA1E to PC3
4,0.19318442332234376,0.19326811277951997,0.27052508392138547,4,HA1E to PC3
5,0.21837327346859361,0.2656137988136714,0.2847434081490638,5,HA1E to PC3
