,train,test,shuffled X,fold,translation
1,0.17994641126045957,0.15977781179512665,0.17855172092207264,1,PC3 to HA1E
2,0.2355577977840171,0.1926149282290521,0.1992164620711868,2,PC3 to HA1E
3,0.1898147856453377,0.19629679342390932,0.20006381836469758,3,PC3 to HA1E
4,0.19306307008993787,0.18374791184394088,0.19649140773272428,4,PC3 to HA1E
5,0.19089112336525152,0.1523897515553934,0.22639774056577094,5,PC3 to HA1E
